x_reg;coefficient
100.0;1.0
144.44444444444446;0.7549340171356231
188.88888888888889;0.5098680342712466
233.33333333333331;0.2648020514068699
277.77777777777777;0.01973606854249315
322.22222222222223;-0.22532991432188362
366.66666666666663;-0.4703958971862601
411.1111111111111;-0.7154618800506369
455.55555555555554;-0.9605278629150137
500.0;-1.2055938457793904
